{
  "$schema": "http://json-schema.org/schema",
  "id": "BuildAngularWebpackServerSchema",
  "title": "Angular Webpack Architect Builder Schema",
  "properties": {
    "main": {
      "type": "string",
      "description": "The name of the main entry-point file."
    },
    "tsConfig": {
      "type": "string",
      "default": "tsconfig.app.json",
      "description": "The name of the TypeScript configuration file."
    },
    "stylePreprocessorOptions": {
      "description": "Options to pass to style preprocessors",
      "type": "object",
      "properties": {
        "includePaths": {
          "description": "Paths to include. Paths will be resolved to project root.",
          "type": "array",
          "items": {
            "type": "string"
          },
          "default": []
        }
      },
      "additionalProperties": false
    },
    "optimization": {
      "type": "boolean",
      "description": "Defines the optimization level of the build.",
      "default": false
    },
    "fileReplacements": {
      "description": "Replace files with other files in the build.",
      "type": "array",
      "items": {
        "$ref": "#/definitions/fileReplacement"
      },
      "default": []
    },
    "outputPath": {
      "type": "string",
      "description": "Path where output will be placed."
    },
    "sourceMap": {
      "type": "boolean",
      "description": "Output sourcemaps.",
      "default": true
    },
    "vendorSourceMap": {
      "type": "boolean",
      "description": "Resolve vendor packages sourcemaps.",
      "default": false
    },
    "evalSourceMap": {
      "type": "boolean",
      "description": "Output in-file eval sourcemaps.",
      "default": false
    },
    "vendorChunk": {
      "type": "boolean",
      "description": "Use a separate bundle containing only vendor libraries.",
      "default": true
    },
    "commonChunk": {
      "type": "boolean",
      "description": "Use a separate bundle containing code used across multiple bundles.",
      "default": true
    },
    "verbose": {
      "type": "boolean",
      "description": "Adds more details to output logging.",
      "default": false
    },
    "progress": {
      "type": "boolean",
      "description": "Log progress to the console while building.",
      "default": true
    },
    "i18nFile": {
      "type": "string",
      "description": "Localization file to use for i18n."
    },
    "i18nFormat": {
      "type": "string",
      "description": "Format of the localization file specified with --i18n-file."
    },
    "i18nLocale": {
      "type": "string",
      "description": "Locale to use for i18n."
    },
    "i18nMissingTranslation": {
      "type": "string",
      "description": "How to handle missing translations for i18n."
    },
    "outputHashing": {
      "type": "string",
      "description": "Define the output filename cache-busting hashing mode.",
      "default": "none",
      "enum": [
        "none",
        "all",
        "media",
        "bundles"
      ]
    },
    "deleteOutputPath": {
      "type": "boolean",
      "description": "delete-output-path",
      "default": true
    },
    "preserveSymlinks": {
      "type": "boolean",
      "description": "Do not use the real path when resolving modules.",
      "default": false
    },
    "extractLicenses": {
      "type": "boolean",
      "description": "Extract all licenses in a separate file, in the case of production builds only.",
      "default": true
    },
    "showCircularDependencies": {
      "type": "boolean",
      "description": "Show circular dependency warnings on builds.",
      "default": true
    },
    "namedChunks": {
      "type": "boolean",
      "description": "Use file name for lazy loaded chunks.",
      "default": true
    },
    "bundleDependencies": {
      "type": "string",
      "description": "Available on server platform only. Which external dependencies to bundle into the module. By default, all of node_modules will be kept as requires.",
      "default": "none",
      "enum": [
        "none",
        "all"
      ]
    },
    "statsJson": {
      "type": "boolean",
      "description": "Generates a 'stats.json' file which can be analyzed using tools such as: #webpack-bundle-analyzer' or https: //webpack.github.io/analyse.",
      "default": false
    },
    "forkTypeChecker": {
      "type": "boolean",
      "description": "Run the TypeScript type checker in a forked process.",
      "default": true
    },
    "lazyModules": {
      "description": "List of additional NgModule files that will be lazy loaded. Lazy router modules with be discovered automatically.",
      "type": "array",
      "items": {
        "type": "string"
      },
      "default": []
    },
    "watch": {
      "type": "boolean",
      "description": "Run build when files change.",
      "default": false
    },
    "poll": {
      "type": "number",
      "description": "Enable and define the file watching poll time period in milliseconds."
    }
  },
  "additionalProperties": false,
  "required": [
    "outputPath",
    "main",
    "tsConfig"
  ],
  "definitions": {
    "fileReplacement": {
      "oneOf": [
        {
          "type": "object",
          "properties": {
            "src": {
              "type": "string"
            },
            "replaceWith": {
              "type": "string"
            }
          },
          "additionalProperties": false,
          "required": [
            "src",
            "replaceWith"
          ]
        },
        {
          "type": "object",
          "properties": {
            "replace": {
              "type": "string"
            },
            "with": {
              "type": "string"
            }
          },
          "additionalProperties": false,
          "required": [
            "replace",
            "with"
          ]
        }
      ]
    }

  }
}