{
  "badges": [
    [
      {
        "image": "https://img.shields.io/circleci/project/github/angular/angular-cli/master.svg?label=circleci",
        "label": "CircleCI branch",
        "url": "https://circleci.com/gh/angular/angular-cli"
      },
      {
        "title": "![Dependency Status](https://david-dm.org/angular/angular-cli.svg)",
        "url": "https://david-dm.org/angular/angular-cli"
      },
      {
        "title": "![devDependency Status](https://david-dm.org/angular/angular-cli/dev-status.svg)",
        "url": "https://david-dm.org/angular/angular-cli?type=dev"
      }
    ],
    [
      {
        "label": "License",
        "image": "https://img.shields.io/npm/l/@angular-angular-cli/core.svg",
        "url": "https://github.com/angular/angular-cli/blob/master/LICENSE"
      }
    ],
    [
      {
        "label": "GitHub forks",
        "image": "https://img.shields.io/github/forks/angular/angular-cli.svg?style=social&label=Fork",
        "url": "https://github.com/angular/angular-cli/fork"
      },
      {
        "label": "GitHub stars",
        "image": "https://img.shields.io/github/stars/angular/angular-cli.svg?style=social&label=Star",
        "url": "https://github.com/angular/angular-cli"
      }
    ]
  ],
  "links": {
    "Gitter": "https://gitter.im/angular/angular-cli",
    "Contributing": "https://github.com/angular/angular-cli/blob/master/CONTRIBUTING.md",
    "Angular CLI": "http://github.com/angular/angular-cli"
  },
  "packages": {
    "@_/benchmark": {
      "version": "0.7.0-beta.1",
      "hash": "37ed7e417435c92dbf301e7b26ea37ca"
    },
    "devkit": {
      "version": "0.7.0-beta.1",
      "hash": "84924cc4aa8c0961e0f64d862d478549"
    },
    "@angular/cli": {
      "name": "Angular CLI",
      "section": "Tooling",
      "links": [
        {
          "label": "README",
          "url": "https://github.com/angular/angular-cli/blob/master/packages/angular/cli/README.md"
        }
      ],
      "version": "6.1.0-beta.0",
      "snapshotRepo": "angular/cli-builds"
    },
    "@angular/pwa": {
      "name": "Angular PWA Schematics",
      "section": "Schematics",
      "version": "0.7.0-beta.1",
      "hash": "6b0534c96615b0c21bbf5bc4ad983516",
      "snapshotRepo": "angular/angular-pwa-builds"
    },
    "@angular-devkit/architect": {
      "name": "Architect",
      "links": [
        {
          "label": "README",
          "url": "https://github.com/angular/angular-cli/blob/master/packages/angular_devkit/architect/README.md"
        }
      ],
      "version": "0.7.0-beta.1",
      "hash": "3872dde28a66f359ee195cc4b4e9d593",
      "snapshotRepo": "angular/angular-devkit-architect-builds"
    },
    "@angular-devkit/architect-cli": {
      "name": "Architect CLI",
      "version": "0.7.0-beta.1",
      "hash": "4c0d432a3409064c380635cb6ef6df7c",
      "snapshotRepo": "angular/angular-devkit-architect-cli-builds"
    },
    "@angular-devkit/build-optimizer": {
      "name": "Build Optimizer",
      "links": [
        {
          "label": "README",
          "url": "https://github.com/angular/angular-cli/blob/master/packages/angular_devkit/build_optimizer/README.md"
        }
      ],
      "version": "0.7.0-beta.1",
      "hash": "19987400c0194fea2518e769e5aa921e",
      "snapshotRepo": "angular/angular-devkit-build-optimizer-builds"
    },
    "@angular-devkit/build-ng-packagr": {
      "name": "Build NgPackagr",
      "links": [
        {
          "label": "README",
          "url": "https://github.com/angular/angular-cli/blob/master/packages/angular_devkit/build_ng_packagr/README.md"
        }
      ],
      "version": "0.7.0-beta.1",
      "hash": "086ad037fab3185c27ef9786655fdc1d",
      "snapshotRepo": "angular/angular-devkit-build-ng-packagr-builds"
    },
    "@angular-devkit/build-angular": {
      "name": "Build Angular",
      "links": [
        {
          "label": "README",
          "url": "https://github.com/angular/angular-cli/blob/master/packages/angular_devkit/build_angular/README.md"
        }
      ],
      "version": "0.7.0-beta.1",
      "hash": "bea6085c247179eedf6a2d312ea5509b",
      "snapshotRepo": "angular/angular-devkit-build-angular-builds"
    },
    "@angular-devkit/build-webpack": {
      "name": "Build Webpack",
      "links": [
        {
          "label": "README",
          "url": "https://github.com/angular/angular-cli/blob/master/packages/angular_devkit/build_webpack/README.md"
        }
      ],
      "version": "0.0.0",
      "snapshotRepo": "angular/angular-devkit-build-webpack-builds"
    },
    "@angular-devkit/core": {
      "name": "Core",
      "links": [
        {
          "label": "README",
          "url": "https://github.com/angular/angular-cli/blob/master/packages/angular_devkit/core/README.md"
        }
      ],
      "version": "0.7.0-beta.1",
      "hash": "b8f47e936f6ca5a7f9a1432a30f42f1c",
      "snapshotRepo": "angular/angular-devkit-core-builds"
    },
    "@angular-devkit/schematics": {
      "name": "Schematics",
      "links": [
        {
          "label": "README",
          "url": "https://github.com/angular/angular-cli/blob/master/packages/angular_devkit/schematics/README.md"
        }
      ],
      "version": "0.7.0-beta.1",
      "hash": "df12d248879fb026bffc05e1e4ef4969",
      "snapshotRepo": "angular/angular-devkit-schematics-builds"
    },
    "@angular-devkit/schematics-cli": {
      "name": "Schematics CLI",
      "section": "Tooling",
      "version": "0.7.0-beta.1",
      "hash": "9af2b27b3c56da136d5ce9f9cfec0208",
      "snapshotRepo": "angular/angular-devkit-schematics-cli-builds"
    },
    "@ngtools/webpack": {
      "name": "Webpack Angular Plugin",
      "version": "6.1.0-beta.1",
      "section": "Misc",
      "hash": "4f9b7d221d6ec78c9f6ab1f9302c67b6",
      "snapshotRepo": "angular/ngtools-webpack-builds"
    },
    "@schematics/angular": {
      "name": "Angular Schematics",
      "section": "Schematics",
      "version": "0.7.0-beta.1",
      "hash": "6328969d0d758f53247860e4c366f19e",
      "snapshotRepo": "angular/schematics-angular-builds"
    },
    "@schematics/schematics": {
      "name": "Schematics Schematics",
      "version": "0.7.0-beta.1",
      "section": "Schematics",
      "hash": "47b05bdbebc920c1d9c27768bfeb0968",
      "snapshotRepo": "angular/schematics-schematics-builds"
    },
    "@schematics/package-update": {
      "name": "Package JSON Update Schematics",
      "version": "0.7.0-beta.1",
      "section": "Schematics",
      "hash": "89143edb118df6a517e96c4b781e0993",
      "snapshotRepo": "angular/schematics-package-update-builds"
    },
    "@schematics/update": {
      "name": "Package Update Schematics",
      "version": "0.7.0-beta.1",
      "section": "Schematics",
      "hash": "36488885e0a1e047cdd7529cc5055da8",
      "snapshotRepo": "angular/schematics-update-builds"
    }
  }
}
